{
  "method": "SetFit Fine-Tuning",
  "model": "sentence-transformers/paraphrase-mpnet-base-v2",
  "training_time_sec": 39.195454597473145,
  "accuracy": 0.8,
  "f1_score": 0.776460113960114,
  "avg_latency_ms": 19.545070330301918,
  "total_inference_time_sec": 0.5863521099090576,
  "classification_report": {
    "negative": {
      "precision": 1.0,
      "recall": 0.45454545454545453,
      "f1-score": 0.625,
      "support": 11.0
    },
    "positive": {
      "precision": 0.8,
      "recall": 1.0,
      "f1-score": 0.8888888888888888,
      "support": 8.0
    },
    "neutral": {
      "precision": 0.7333333333333333,
      "recall": 1.0,
      "f1-score": 0.8461538461538461,
      "support": 11.0
    },
    "accuracy": 0.8,
    "macro avg": {
      "precision": 0.8444444444444444,
      "recall": 0.8181818181818182,
      "f1-score": 0.7866809116809117,
      "support": 30.0
    },
    "weighted avg": {
      "precision": 0.8488888888888888,
      "recall": 0.8,
      "f1-score": 0.776460113960114,
      "support": 30.0
    }
  }
}